url,page_score,audit_id,title,description,wcag,category,severity,status,raw_score
"https://www.dlsu.edu.ph/","84.0","color-contrast","Background and foreground colors do not have a sufficient contrast ratio.","Low-contrast text is difficult or impossible for many users to read. [Learn how to provide sufficient color contrast](https://dequeuniversity.com/rules/axe/4.11/color-contrast).","1.4.3 / 1.4.11","Visual Contrast","High","Fail","0"
"https://www.dlsu.edu.ph/","84.0","heading-order","Heading elements are not in a sequentially-descending order","Properly ordered headings that do not skip levels convey the semantic structure of the page, making it easier to navigate and understand when using assistive technologies. [Learn more about heading order](https://dequeuniversity.com/rules/axe/4.11/heading-order).","1.3.1","Structure","High","Fail","0"
"https://www.dlsu.edu.ph/","84.0","link-name","Links do not have a discernible name","Link text (and alternate text for images, when used as links) that is discernible, unique, and focusable improves the navigation experience for screen reader users. [Learn how to make links accessible](https://dequeuniversity.com/rules/axe/4.11/link-name).","2.4.4","Links","High","Fail","0"
"https://www.dlsu.edu.ph/","84.0","list","Lists do not contain only `<li>` elements and script supporting elements (`<script>` and `<template>`).","Screen readers have a specific way of announcing lists. Ensuring proper list structure aids screen reader output. [Learn more about proper list structure](https://dequeuniversity.com/rules/axe/4.11/list).","Needs Manual Mapping","Other","High","Fail","0"
"https://www.dlsu.edu.ph/academics/","82.0","heading-order","Heading elements are not in a sequentially-descending order","Properly ordered headings that do not skip levels convey the semantic structure of the page, making it easier to navigate and understand when using assistive technologies. [Learn more about heading order](https://dequeuniversity.com/rules/axe/4.11/heading-order).","1.3.1","Structure","High","Fail","0"
"https://www.dlsu.edu.ph/academics/","82.0","link-name","Links do not have a discernible name","Link text (and alternate text for images, when used as links) that is discernible, unique, and focusable improves the navigation experience for screen reader users. [Learn how to make links accessible](https://dequeuniversity.com/rules/axe/4.11/link-name).","2.4.4","Links","High","Fail","0"
"https://www.dlsu.edu.ph/academics/","82.0","list","Lists do not contain only `<li>` elements and script supporting elements (`<script>` and `<template>`).","Screen readers have a specific way of announcing lists. Ensuring proper list structure aids screen reader output. [Learn more about proper list structure](https://dequeuniversity.com/rules/axe/4.11/list).","Needs Manual Mapping","Other","High","Fail","0"
"https://www.dlsu.edu.ph/admission/landing/","85.0","link-name","Links do not have a discernible name","Link text (and alternate text for images, when used as links) that is discernible, unique, and focusable improves the navigation experience for screen reader users. [Learn how to make links accessible](https://dequeuniversity.com/rules/axe/4.11/link-name).","2.4.4","Links","High","Fail","0"
"https://www.dlsu.edu.ph/admission/landing/","85.0","list","Lists do not contain only `<li>` elements and script supporting elements (`<script>` and `<template>`).","Screen readers have a specific way of announcing lists. Ensuring proper list structure aids screen reader output. [Learn more about proper list structure](https://dequeuniversity.com/rules/axe/4.11/list).","Needs Manual Mapping","Other","High","Fail","0"
"https://www.dlsu.edu.ph/research-overview/overview/","77.0","color-contrast","Background and foreground colors do not have a sufficient contrast ratio.","Low-contrast text is difficult or impossible for many users to read. [Learn how to provide sufficient color contrast](https://dequeuniversity.com/rules/axe/4.11/color-contrast).","1.4.3 / 1.4.11","Visual Contrast","High","Fail","0"
"https://www.dlsu.edu.ph/research-overview/overview/","77.0","heading-order","Heading elements are not in a sequentially-descending order","Properly ordered headings that do not skip levels convey the semantic structure of the page, making it easier to navigate and understand when using assistive technologies. [Learn more about heading order](https://dequeuniversity.com/rules/axe/4.11/heading-order).","1.3.1","Structure","High","Fail","0"
"https://www.dlsu.edu.ph/research-overview/overview/","77.0","link-name","Links do not have a discernible name","Link text (and alternate text for images, when used as links) that is discernible, unique, and focusable improves the navigation experience for screen reader users. [Learn how to make links accessible](https://dequeuniversity.com/rules/axe/4.11/link-name).","2.4.4","Links","High","Fail","0"
"https://www.dlsu.edu.ph/research-overview/overview/","77.0","list","Lists do not contain only `<li>` elements and script supporting elements (`<script>` and `<template>`).","Screen readers have a specific way of announcing lists. Ensuring proper list structure aids screen reader output. [Learn more about proper list structure](https://dequeuniversity.com/rules/axe/4.11/list).","Needs Manual Mapping","Other","High","Fail","0"
"https://www.dlsu.edu.ph/global/international-students/","74.0","color-contrast","Background and foreground colors do not have a sufficient contrast ratio.","Low-contrast text is difficult or impossible for many users to read. [Learn how to provide sufficient color contrast](https://dequeuniversity.com/rules/axe/4.11/color-contrast).","1.4.3 / 1.4.11","Visual Contrast","High","Fail","0"
"https://www.dlsu.edu.ph/global/international-students/","74.0","heading-order","Heading elements are not in a sequentially-descending order","Properly ordered headings that do not skip levels convey the semantic structure of the page, making it easier to navigate and understand when using assistive technologies. [Learn more about heading order](https://dequeuniversity.com/rules/axe/4.11/heading-order).","1.3.1","Structure","High","Fail","0"
"https://www.dlsu.edu.ph/global/international-students/","74.0","link-name","Links do not have a discernible name","Link text (and alternate text for images, when used as links) that is discernible, unique, and focusable improves the navigation experience for screen reader users. [Learn how to make links accessible](https://dequeuniversity.com/rules/axe/4.11/link-name).","2.4.4","Links","High","Fail","0"
"https://www.dlsu.edu.ph/global/international-students/","74.0","list","Lists do not contain only `<li>` elements and script supporting elements (`<script>` and `<template>`).","Screen readers have a specific way of announcing lists. Ensuring proper list structure aids screen reader output. [Learn more about proper list structure](https://dequeuniversity.com/rules/axe/4.11/list).","Needs Manual Mapping","Other","High","Fail","0"
"https://www.dlsu.edu.ph/about/","74.0","color-contrast","Background and foreground colors do not have a sufficient contrast ratio.","Low-contrast text is difficult or impossible for many users to read. [Learn how to provide sufficient color contrast](https://dequeuniversity.com/rules/axe/4.11/color-contrast).","1.4.3 / 1.4.11","Visual Contrast","High","Fail","0"
"https://www.dlsu.edu.ph/about/","74.0","heading-order","Heading elements are not in a sequentially-descending order","Properly ordered headings that do not skip levels convey the semantic structure of the page, making it easier to navigate and understand when using assistive technologies. [Learn more about heading order](https://dequeuniversity.com/rules/axe/4.11/heading-order).","1.3.1","Structure","High","Fail","0"
"https://www.dlsu.edu.ph/about/","74.0","link-name","Links do not have a discernible name","Link text (and alternate text for images, when used as links) that is discernible, unique, and focusable improves the navigation experience for screen reader users. [Learn how to make links accessible](https://dequeuniversity.com/rules/axe/4.11/link-name).","2.4.4","Links","High","Fail","0"
"https://www.dlsu.edu.ph/about/","74.0","list","Lists do not contain only `<li>` elements and script supporting elements (`<script>` and `<template>`).","Screen readers have a specific way of announcing lists. Ensuring proper list structure aids screen reader output. [Learn more about proper list structure](https://dequeuniversity.com/rules/axe/4.11/list).","Needs Manual Mapping","Other","High","Fail","0"
"https://www.dlsu.edu.ph/campus-life-landing/","82.0","heading-order","Heading elements are not in a sequentially-descending order","Properly ordered headings that do not skip levels convey the semantic structure of the page, making it easier to navigate and understand when using assistive technologies. [Learn more about heading order](https://dequeuniversity.com/rules/axe/4.11/heading-order).","1.3.1","Structure","High","Fail","0"
"https://www.dlsu.edu.ph/campus-life-landing/","82.0","link-name","Links do not have a discernible name","Link text (and alternate text for images, when used as links) that is discernible, unique, and focusable improves the navigation experience for screen reader users. [Learn how to make links accessible](https://dequeuniversity.com/rules/axe/4.11/link-name).","2.4.4","Links","High","Fail","0"
"https://www.dlsu.edu.ph/campus-life-landing/","82.0","list","Lists do not contain only `<li>` elements and script supporting elements (`<script>` and `<template>`).","Screen readers have a specific way of announcing lists. Ensuring proper list structure aids screen reader output. [Learn more about proper list structure](https://dequeuniversity.com/rules/axe/4.11/list).","Needs Manual Mapping","Other","High","Fail","0"
"https://old.dlsu.edu.ph/offices/registrar/academic-calendar/","91.0","color-contrast","Background and foreground colors do not have a sufficient contrast ratio.","Low-contrast text is difficult or impossible for many users to read. [Learn how to provide sufficient color contrast](https://dequeuniversity.com/rules/axe/4.11/color-contrast).","1.4.3 / 1.4.11","Visual Contrast","High","Fail","0"
"https://old.dlsu.edu.ph/offices/registrar/academic-calendar/","91.0","heading-order","Heading elements are not in a sequentially-descending order","Properly ordered headings that do not skip levels convey the semantic structure of the page, making it easier to navigate and understand when using assistive technologies. [Learn more about heading order](https://dequeuniversity.com/rules/axe/4.11/heading-order).","1.3.1","Structure","High","Fail","0"
"https://old.dlsu.edu.ph/offices/registrar/academic-calendar/","91.0","link-name","Links do not have a discernible name","Link text (and alternate text for images, when used as links) that is discernible, unique, and focusable improves the navigation experience for screen reader users. [Learn how to make links accessible](https://dequeuniversity.com/rules/axe/4.11/link-name).","2.4.4","Links","High","Fail","0"
"https://www.dlsu.edu.ph/program/","86.0","link-name","Links do not have a discernible name","Link text (and alternate text for images, when used as links) that is discernible, unique, and focusable improves the navigation experience for screen reader users. [Learn how to make links accessible](https://dequeuniversity.com/rules/axe/4.11/link-name).","2.4.4","Links","High","Fail","0"
"https://www.dlsu.edu.ph/program/","86.0","list","Lists do not contain only `<li>` elements and script supporting elements (`<script>` and `<template>`).","Screen readers have a specific way of announcing lists. Ensuring proper list structure aids screen reader output. [Learn more about proper list structure](https://dequeuniversity.com/rules/axe/4.11/list).","Needs Manual Mapping","Other","High","Fail","0"
"https://old.dlsu.edu.ph/offices/osa/","88.0","color-contrast","Background and foreground colors do not have a sufficient contrast ratio.","Low-contrast text is difficult or impossible for many users to read. [Learn how to provide sufficient color contrast](https://dequeuniversity.com/rules/axe/4.11/color-contrast).","1.4.3 / 1.4.11","Visual Contrast","High","Fail","0"
"https://old.dlsu.edu.ph/offices/osa/","88.0","link-name","Links do not have a discernible name","Link text (and alternate text for images, when used as links) that is discernible, unique, and focusable improves the navigation experience for screen reader users. [Learn how to make links accessible](https://dequeuniversity.com/rules/axe/4.11/link-name).","2.4.4","Links","High","Fail","0"
"https://old.dlsu.edu.ph/offices/osa/","88.0","link-in-text-block","Links rely on color to be distinguishable.","Low-contrast text is difficult or impossible for many users to read. Link text that is discernible improves the experience for users with low vision. [Learn how to make links distinguishable](https://dequeuniversity.com/rules/axe/4.11/link-in-text-block).","Needs Manual Mapping","Links","High","Fail","0"
"https://old.dlsu.edu.ph/faculty/","83.0","color-contrast","Background and foreground colors do not have a sufficient contrast ratio.","Low-contrast text is difficult or impossible for many users to read. [Learn how to provide sufficient color contrast](https://dequeuniversity.com/rules/axe/4.11/color-contrast).","1.4.3 / 1.4.11","Visual Contrast","High","Fail","0"
"https://old.dlsu.edu.ph/faculty/","83.0","image-alt","Image elements do not have `[alt]` attributes","Informative elements should aim for short, descriptive alternate text. Decorative elements can be ignored with an empty alt attribute. [Learn more about the `alt` attribute](https://dequeuniversity.com/rules/axe/4.11/image-alt).","1.1.1","Images","High","Fail","0"
"https://old.dlsu.edu.ph/faculty/","83.0","link-name","Links do not have a discernible name","Link text (and alternate text for images, when used as links) that is discernible, unique, and focusable improves the navigation experience for screen reader users. [Learn how to make links accessible](https://dequeuniversity.com/rules/axe/4.11/link-name).","2.4.4","Links","High","Fail","0"
"https://old.dlsu.edu.ph/faculty/","83.0","link-in-text-block","Links rely on color to be distinguishable.","Low-contrast text is difficult or impossible for many users to read. Link text that is discernible improves the experience for users with low vision. [Learn how to make links distinguishable](https://dequeuniversity.com/rules/axe/4.11/link-in-text-block).","Needs Manual Mapping","Links","High","Fail","0"
"https://old.dlsu.edu.ph/give/","87.0","color-contrast","Background and foreground colors do not have a sufficient contrast ratio.","Low-contrast text is difficult or impossible for many users to read. [Learn how to provide sufficient color contrast](https://dequeuniversity.com/rules/axe/4.11/color-contrast).","1.4.3 / 1.4.11","Visual Contrast","High","Fail","0"
"https://old.dlsu.edu.ph/give/","87.0","heading-order","Heading elements are not in a sequentially-descending order","Properly ordered headings that do not skip levels convey the semantic structure of the page, making it easier to navigate and understand when using assistive technologies. [Learn more about heading order](https://dequeuniversity.com/rules/axe/4.11/heading-order).","1.3.1","Structure","High","Fail","0"
"https://old.dlsu.edu.ph/give/","87.0","link-name","Links do not have a discernible name","Link text (and alternate text for images, when used as links) that is discernible, unique, and focusable improves the navigation experience for screen reader users. [Learn how to make links accessible](https://dequeuniversity.com/rules/axe/4.11/link-name).","2.4.4","Links","High","Fail","0"
"https://old.dlsu.edu.ph/give/","87.0","link-in-text-block","Links rely on color to be distinguishable.","Low-contrast text is difficult or impossible for many users to read. Link text that is discernible improves the experience for users with low vision. [Learn how to make links distinguishable](https://dequeuniversity.com/rules/axe/4.11/link-in-text-block).","Needs Manual Mapping","Links","High","Fail","0"
"https://applyarchershub.dlsu.edu.ph/ApplicationLandingPage/index/DLSU","66.0","aria-valid-attr-value","`[aria-*]` attributes do not have valid values","Assistive technologies, like screen readers, can't interpret ARIA attributes with invalid values. [Learn more about valid values for ARIA attributes](https://dequeuniversity.com/rules/axe/4.11/aria-valid-attr-value).","4.1.2","ARIA","High","Fail","0"
"https://applyarchershub.dlsu.edu.ph/ApplicationLandingPage/index/DLSU","66.0","button-name","Buttons do not have an accessible name","When a button doesn't have an accessible name, screen readers announce it as ""button"", making it unusable for users who rely on screen readers. [Learn how to make buttons more accessible](https://dequeuniversity.com/rules/axe/4.11/button-name).","Needs Manual Mapping","Other","High","Fail","0"
"https://applyarchershub.dlsu.edu.ph/ApplicationLandingPage/index/DLSU","66.0","frame-title","`<frame>` or `<iframe>` elements do not have a title","Screen reader users rely on frame titles to describe the contents of frames. [Learn more about frame titles](https://dequeuniversity.com/rules/axe/4.11/frame-title).","Needs Manual Mapping","Other","High","Fail","0"
"https://applyarchershub.dlsu.edu.ph/ApplicationLandingPage/index/DLSU","66.0","heading-order","Heading elements are not in a sequentially-descending order","Properly ordered headings that do not skip levels convey the semantic structure of the page, making it easier to navigate and understand when using assistive technologies. [Learn more about heading order](https://dequeuniversity.com/rules/axe/4.11/heading-order).","1.3.1","Structure","High","Fail","0"
"https://applyarchershub.dlsu.edu.ph/ApplicationLandingPage/index/DLSU","66.0","html-has-lang","`<html>` element does not have a `[lang]` attribute","If a page doesn't specify a `lang` attribute, a screen reader assumes that the page is in the default language that the user chose when setting up the screen reader. If the page isn't actually in the default language, then the screen reader might not announce the page's text correctly. [Learn more about the `lang` attribute](https://dequeuniversity.com/rules/axe/4.11/html-has-lang).","Needs Manual Mapping","Other","High","Fail","0"
"https://applyarchershub.dlsu.edu.ph/ApplicationLandingPage/index/DLSU","66.0","image-alt","Image elements do not have `[alt]` attributes","Informative elements should aim for short, descriptive alternate text. Decorative elements can be ignored with an empty alt attribute. [Learn more about the `alt` attribute](https://dequeuniversity.com/rules/axe/4.11/image-alt).","1.1.1","Images","High","Fail","0"
"https://applyarchershub.dlsu.edu.ph/ApplicationLandingPage/index/DLSU","66.0","landmark-one-main","Document does not have a main landmark.","One main landmark helps screen reader users navigate a web page. [Learn more about landmarks](https://dequeuniversity.com/rules/axe/4.11/landmark-one-main).","Needs Manual Mapping","Other","High","Fail","0"
"https://applyarchershub.dlsu.edu.ph/ApplicationLandingPage/index/DLSU","66.0","tabindex","Some elements have a `[tabindex]` value greater than 0","A value greater than 0 implies an explicit navigation ordering. Although technically valid, this often creates frustrating experiences for users who rely on assistive technologies. [Learn more about the `tabindex` attribute](https://dequeuniversity.com/rules/axe/4.11/tabindex).","Needs Manual Mapping","Other","High","Fail","0"
"https://applyarchershub.dlsu.edu.ph/ApplicationLandingPage/index/DLSU","66.0","target-size","Touch targets do not have sufficient size or spacing.","Touch targets with sufficient size and spacing help users who may have difficulty targeting small controls to activate the targets. [Learn more about touch targets](https://dequeuniversity.com/rules/axe/4.11/target-size).","Needs Manual Mapping","Other","High","Fail","0"
"https://applyarchershub.dlsu.edu.ph/ApplicationLandingPage/index/DLSU","66.0","presentation-role-conflict","Elements with `role=""none""` or `role=""presentation""` have conflicts","There are certain cases where the semantic role of an element with `role=""none""` or `role=""presentation""` does not resolve to none or presentation. To ensure the element remains removed from the accessibility tree, you should not add any global ARIA attributes to the element or make it focusable. [Learn more about presentation role conflict](https://dequeuniversity.com/rules/axe/4.11/presentation-role-conflict).","Needs Manual Mapping","Other","High","Fail","0"